[
  {"question": "表达式 5 / 2 的结果是？", "user_answer": "D", "correct_answer": "B"},
  {"question": "%d格式控制符用于输出？", "user_answer": "D", "correct_answer": "C"},
  {"question": "int main(int argc, char argv[])中argc表示？", "user_answer": "D", "correct_answer": "B"},
  {"question": "逗号表达式 (a=3, b=4, a+b) 的值是？", "user_answer": "D", "correct_answer": "C"},
  {"question": "volatile关键字告诉编译器？", "user_answer": "D", "correct_answer": "B"}
]
